[
    {
        "sensor_id": "sensor_123",
        "temperature": 27,
        "humidity": 52,
        "light": 106.2627,
        "timestamp": "2024-09-24T11:17:06.180672"
    },
    {
        "sensor_id": "sensor_123",
        "temperature": 26,
        "humidity": 52,
        "light": 106.2627,
        "timestamp": "2024-09-24T11:17:11.706986"
    },
    {
        "sensor_id": "sensor_123",
        "temperature": 27,
        "humidity": 52,
        "light": 106.2627,
        "timestamp": "2024-09-24T11:17:17.240327"
    },
    {
        "sensor_id": "sensor_123",
        "temperature": 27,
        "humidity": 51,
        "light": 108.2443,
        "timestamp": "2024-09-24T11:17:22.791173"
    },
    {
        "sensor_id": "sensor_123",
        "temperature": 27,
        "humidity": 51,
        "light": 108.2443,
        "timestamp": "2024-09-24T11:17:28.326923"
    },
    {
        "sensor_id": "sensor_123",
        "temperature": 27,
        "humidity": 50,
        "light": 114.5235,
        "timestamp": "2024-09-24T11:17:33.870085"
    },
    {
        "sensor_id": "sensor_123",
        "temperature": 27,
        "humidity": 50,
        "light": 124.9922,
        "timestamp": "2024-09-24T11:17:39.379523"
    },
    {
        "sensor_id": "sensor_123",
        "temperature": 26,
        "humidity": 50,
        "light": 111.3193,
        "timestamp": "2024-09-24T11:17:44.957039"
    },
    {
        "sensor_id": "sensor_123",
        "temperature": 27,
        "humidity": 50,
        "light": 105.2916,
        "timestamp": "2024-09-24T11:17:50.473185"
    },
    {
        "sensor_id": "sensor_123",
        "temperature": 27,
        "humidity": 50,
        "light": 108.2443,
        "timestamp": "2024-09-24T11:17:56.021988"
    },
    {
        "sensor_id": "sensor_123",
        "temperature": 27,
        "humidity": 50,
        "light": 110.2803,
        "timestamp": "2024-09-24T11:18:01.568330"
    },
    {
        "sensor_id": "sensor_123",
        "temperature": 27,
        "humidity": 50,
        "light": 97.96646,
        "timestamp": "2024-09-24T11:18:07.109465"
    },
    {
        "sensor_id": "sensor_123",
        "temperature": 27,
        "humidity": 50,
        "light": 119.0105,
        "timestamp": "2024-09-24T11:18:12.661489"
    },
    {
        "sensor_id": "sensor_123",
        "temperature": 27,
        "humidity": 50,
        "light": 110.2803,
        "timestamp": "2024-09-24T11:18:18.205764"
    },
    {
        "sensor_id": "sensor_123",
        "temperature": 27,
        "humidity": 50,
        "light": 107.2468,
        "timestamp": "2024-09-24T11:18:23.739704"
    },
    {
        "sensor_id": "sensor_123",
        "temperature": 27,
        "humidity": 50,
        "light": 110.2803,
        "timestamp": "2024-09-24T11:18:29.278377"
    },
    {
        "sensor_id": "sensor_123",
        "temperature": 27,
        "humidity": 50,
        "light": 105.2916,
        "timestamp": "2024-09-24T11:18:34.806065"
    },
    {
        "sensor_id": "sensor_123",
        "temperature": 27,
        "humidity": 50,
        "light": 111.3193,
        "timestamp": "2024-09-24T11:18:40.351279"
    },
    {
        "sensor_id": "sensor_123",
        "temperature": 27,
        "humidity": 50,
        "light": 102.4546,
        "timestamp": "2024-09-24T11:18:45.892893"
    },
    {
        "sensor_id": "sensor_123",
        "temperature": 27,
        "humidity": 51,
        "light": 106.2627,
        "timestamp": "2024-09-24T11:18:51.446856"
    },
    {
        "sensor_id": "sensor_123",
        "temperature": 26,
        "humidity": 50,
        "light": 102.4546,
        "timestamp": "2024-09-24T11:18:56.979986"
    },
    {
        "sensor_id": "sensor_123",
        "temperature": 27,
        "humidity": 50,
        "light": 100.6243,
        "timestamp": "2024-09-24T11:19:02.522723"
    },
    {
        "sensor_id": "sensor_123",
        "temperature": 27,
        "humidity": 50,
        "light": 103.3878,
        "timestamp": "2024-09-24T11:19:08.072628"
    },
    {
        "sensor_id": "sensor_123",
        "temperature": 27,
        "humidity": 50,
        "light": 105.2916,
        "timestamp": "2024-09-24T11:19:13.617177"
    },
    {
        "sensor_id": "sensor_123",
        "temperature": 27,
        "humidity": 51,
        "light": 103.3878,
        "timestamp": "2024-09-24T11:19:19.143655"
    },
    {
        "sensor_id": "sensor_123",
        "temperature": 26,
        "humidity": 51,
        "light": 103.3878,
        "timestamp": "2024-09-24T11:19:24.673662"
    },
    {
        "sensor_id": "sensor_123",
        "temperature": 27,
        "humidity": 52,
        "light": 103.3878,
        "timestamp": "2024-09-24T11:19:30.207854"
    },
    {
        "sensor_id": "sensor_123",
        "temperature": 27,
        "humidity": 52,
        "light": 97.103,
        "timestamp": "2024-09-24T11:19:35.783222"
    },
    {
        "sensor_id": "sensor_123",
        "temperature": 26,
        "humidity": 51,
        "light": 104.3334,
        "timestamp": "2024-09-24T11:19:41.301354"
    },
    {
        "sensor_id": "sensor_123",
        "temperature": 26,
        "humidity": 51,
        "light": 106.2627,
        "timestamp": "2024-09-24T11:19:46.827257"
    },
    {
        "sensor_id": "sensor_123",
        "temperature": 26,
        "humidity": 51,
        "light": 103.3878,
        "timestamp": "2024-09-24T11:19:52.391936"
    },
    {
        "sensor_id": "sensor_123",
        "temperature": 27,
        "humidity": 51,
        "light": 110.2803,
        "timestamp": "2024-09-24T11:19:57.936458"
    },
    {
        "sensor_id": "sensor_123",
        "temperature": 26,
        "humidity": 52,
        "light": 110.2803,
        "timestamp": "2024-09-24T11:20:28.975531"
    },
    {
        "sensor_id": "sensor_123",
        "temperature": 27,
        "humidity": 52,
        "light": 115.6217,
        "timestamp": "2024-09-24T11:20:34.482437"
    },
    {
        "sensor_id": "sensor_123",
        "temperature": 26,
        "humidity": 51,
        "light": 24.47827,
        "timestamp": "2024-09-24T11:20:40.046539"
    },
    {
        "sensor_id": "sensor_123",
        "temperature": 27,
        "humidity": 51,
        "light": 127.5098,
        "timestamp": "2024-09-24T11:20:45.587634"
    },
    {
        "sensor_id": "sensor_123",
        "temperature": 26,
        "humidity": 51,
        "light": 119.0105,
        "timestamp": "2024-09-24T11:20:51.113144"
    },
    {
        "sensor_id": "sensor_123",
        "temperature": 27,
        "humidity": 51,
        "light": 112.3726,
        "timestamp": "2024-09-24T11:20:56.666066"
    },
    {
        "sensor_id": "sensor_123",
        "temperature": 27,
        "humidity": 51,
        "light": 109.2554,
        "timestamp": "2024-09-24T11:21:02.204689"
    },
    {
        "sensor_id": "sensor_123",
        "temperature": 27,
        "humidity": 51,
        "light": 117.8649,
        "timestamp": "2024-09-24T11:21:07.727443"
    },
    {
        "sensor_id": "sensor_123",
        "temperature": 27,
        "humidity": 51,
        "light": 116.7354,
        "timestamp": "2024-09-24T11:21:13.289167"
    },
    {
        "sensor_id": "sensor_123",
        "temperature": 27,
        "humidity": 51,
        "light": 115.6217,
        "timestamp": "2024-09-24T11:21:18.830071"
    },
    {
        "sensor_id": "sensor_123",
        "temperature": 27,
        "humidity": 51,
        "light": 104.3334,
        "timestamp": "2024-09-24T11:21:24.363715"
    },
    {
        "sensor_id": "sensor_123",
        "temperature": 27,
        "humidity": 51,
        "light": 116.7354,
        "timestamp": "2024-09-24T11:21:29.916801"
    },
    {
        "sensor_id": "sensor_123",
        "temperature": 26,
        "humidity": 51,
        "light": 115.6217,
        "timestamp": "2024-09-24T11:21:35.451010"
    },
    {
        "sensor_id": "sensor_123",
        "temperature": 27,
        "humidity": 51,
        "light": 109.2554,
        "timestamp": "2024-09-24T11:21:40.989126"
    },
    {
        "sensor_id": "sensor_123",
        "temperature": 27,
        "humidity": 51,
        "light": 112.3726,
        "timestamp": "2024-09-24T11:21:46.516174"
    },
    {
        "sensor_id": "sensor_123",
        "temperature": 26,
        "humidity": 51,
        "light": 120.1726,
        "timestamp": "2024-09-24T11:21:52.083511"
    },
    {
        "sensor_id": "sensor_123",
        "temperature": 26,
        "humidity": 51,
        "light": 114.5235,
        "timestamp": "2024-09-24T11:21:57.627874"
    },
    {
        "sensor_id": "sensor_123",
        "temperature": 27,
        "humidity": 51,
        "light": 120.1726,
        "timestamp": "2024-09-24T11:22:03.157007"
    },
    {
        "sensor_id": "sensor_123",
        "temperature": 27,
        "humidity": 51,
        "light": 117.8649,
        "timestamp": "2024-09-24T11:22:08.687992"
    },
    {
        "sensor_id": "sensor_123",
        "temperature": 27,
        "humidity": 51,
        "light": 112.3726,
        "timestamp": "2024-09-24T11:22:14.232054"
    },
    {
        "sensor_id": "sensor_123",
        "temperature": 27,
        "humidity": 51,
        "light": 114.5235,
        "timestamp": "2024-09-24T11:22:19.769314"
    },
    {
        "sensor_id": "sensor_123",
        "temperature": 27,
        "humidity": 51,
        "light": 112.3726,
        "timestamp": "2024-09-24T11:22:25.319706"
    },
    {
        "sensor_id": "sensor_123",
        "temperature": 26,
        "humidity": 51,
        "light": 108.2443,
        "timestamp": "2024-09-24T11:22:30.846758"
    },
    {
        "sensor_id": "sensor_123",
        "temperature": 27,
        "humidity": 51,
        "light": 109.2554,
        "timestamp": "2024-09-24T11:22:36.384816"
    },
    {
        "sensor_id": "sensor_123",
        "temperature": 26,
        "humidity": 51,
        "light": 110.2803,
        "timestamp": "2024-09-24T11:22:41.949537"
    },
    {
        "sensor_id": "sensor_123",
        "temperature": 26,
        "humidity": 51,
        "light": 106.2627,
        "timestamp": "2024-09-24T11:22:47.487285"
    },
    {
        "sensor_id": "sensor_123",
        "temperature": 26,
        "humidity": 51,
        "light": 106.2627,
        "timestamp": "2024-09-24T11:22:53.026151"
    },
    {
        "sensor_id": "sensor_123",
        "temperature": 27,
        "humidity": 51,
        "light": 103.3878,
        "timestamp": "2024-09-24T11:22:58.557036"
    },
    {
        "sensor_id": "sensor_123",
        "temperature": 27,
        "humidity": 51,
        "light": 106.2627,
        "timestamp": "2024-09-24T11:23:14.296261"
    },
    {
        "sensor_id": "sensor_123",
        "temperature": 26,
        "humidity": 51,
        "light": 106.2627,
        "timestamp": "2024-09-24T11:23:19.819395"
    },
    {
        "sensor_id": "sensor_123",
        "temperature": 26,
        "humidity": 51,
        "light": 112.3726,
        "timestamp": "2024-09-24T11:23:25.374328"
    },
    {
        "sensor_id": "sensor_123",
        "temperature": 26,
        "humidity": 51,
        "light": 114.5235,
        "timestamp": "2024-09-24T11:23:30.934973"
    },
    {
        "sensor_id": "sensor_123",
        "temperature": 26,
        "humidity": 51,
        "light": 115.6217,
        "timestamp": "2024-09-24T11:23:36.478414"
    },
    {
        "sensor_id": "sensor_123",
        "temperature": 26,
        "humidity": 51,
        "light": 115.6217,
        "timestamp": "2024-09-24T11:23:42.005731"
    },
    {
        "sensor_id": "sensor_123",
        "temperature": 26,
        "humidity": 51,
        "light": 81.89759,
        "timestamp": "2024-09-24T11:23:47.555696"
    },
    {
        "sensor_id": "sensor_123",
        "temperature": 26,
        "humidity": 51,
        "light": 102.4546,
        "timestamp": "2024-09-24T11:23:53.105207"
    },
    {
        "sensor_id": "sensor_123",
        "temperature": 27,
        "humidity": 74,
        "light": 116.7354,
        "timestamp": "2024-09-24T11:23:58.626442"
    },
    {
        "sensor_id": "sensor_123",
        "temperature": 27,
        "humidity": 84,
        "light": 114.5235,
        "timestamp": "2024-09-24T11:24:04.179244"
    },
    {
        "sensor_id": "sensor_123",
        "temperature": 27,
        "humidity": 66,
        "light": 114.5235,
        "timestamp": "2024-09-24T11:24:09.714819"
    },
    {
        "sensor_id": "sensor_123",
        "temperature": 27,
        "humidity": 58,
        "light": 102.4546,
        "timestamp": "2024-09-24T11:24:15.244845"
    },
    {
        "sensor_id": "sensor_123",
        "temperature": 27,
        "humidity": 54,
        "light": 115.6217,
        "timestamp": "2024-09-24T11:24:20.792602"
    },
    {
        "sensor_id": "sensor_123",
        "temperature": 27,
        "humidity": 52,
        "light": 115.6217,
        "timestamp": "2024-09-24T11:24:26.343609"
    },
    {
        "sensor_id": "sensor_123",
        "temperature": 27,
        "humidity": 51,
        "light": 105.2916,
        "timestamp": "2024-09-24T11:24:31.870675"
    },
    {
        "sensor_id": "sensor_123",
        "temperature": 27,
        "humidity": 50,
        "light": 103.3878,
        "timestamp": "2024-09-24T11:24:37.426729"
    },
    {
        "sensor_id": "sensor_123",
        "temperature": 27,
        "humidity": 50,
        "light": 105.2916,
        "timestamp": "2024-09-24T11:24:42.979264"
    },
    {
        "sensor_id": "sensor_123",
        "temperature": 27,
        "humidity": 50,
        "light": 104.3334,
        "timestamp": "2024-09-24T11:24:48.500577"
    },
    {
        "sensor_id": "sensor_123",
        "temperature": 27,
        "humidity": 51,
        "light": 122.5475,
        "timestamp": "2024-09-24T11:24:54.051155"
    },
    {
        "sensor_id": "sensor_123",
        "temperature": 27,
        "humidity": 51,
        "light": 116.7354,
        "timestamp": "2024-09-24T11:24:59.597467"
    },
    {
        "sensor_id": "sensor_123",
        "temperature": 27,
        "humidity": 51,
        "light": 114.5235,
        "timestamp": "2024-09-24T11:25:05.135952"
    },
    {
        "sensor_id": "sensor_123",
        "temperature": 27,
        "humidity": 50,
        "light": 119.0105,
        "timestamp": "2024-09-24T11:25:10.672924"
    },
    {
        "sensor_id": "sensor_123",
        "temperature": 27,
        "humidity": 50,
        "light": 119.0105,
        "timestamp": "2024-09-24T11:25:16.208436"
    },
    {
        "sensor_id": "sensor_123",
        "temperature": 27,
        "humidity": 50,
        "light": 116.7354,
        "timestamp": "2024-09-24T11:25:21.754824"
    },
    {
        "sensor_id": "sensor_123",
        "temperature": 27,
        "humidity": 50,
        "light": 115.6217,
        "timestamp": "2024-09-24T11:25:27.305191"
    },
    {
        "sensor_id": "sensor_123",
        "temperature": 27,
        "humidity": 49,
        "light": 117.8649,
        "timestamp": "2024-09-24T11:25:32.821662"
    },
    {
        "sensor_id": "sensor_123",
        "temperature": 27,
        "humidity": 50,
        "light": 113.4406,
        "timestamp": "2024-09-24T11:25:38.378695"
    },
    {
        "sensor_id": "sensor_123",
        "temperature": 27,
        "humidity": 50,
        "light": 123.7609,
        "timestamp": "2024-09-24T11:25:43.914917"
    },
    {
        "sensor_id": "sensor_123",
        "temperature": 27,
        "humidity": 50,
        "light": 107.2468,
        "timestamp": "2024-09-24T11:25:49.457008"
    },
    {
        "sensor_id": "sensor_123",
        "temperature": 27,
        "humidity": 50,
        "light": 116.7354,
        "timestamp": "2024-09-24T11:25:55.007208"
    },
    {
        "sensor_id": "sensor_123",
        "temperature": 27,
        "humidity": 50,
        "light": 116.7354,
        "timestamp": "2024-09-24T11:26:00.524268"
    },
    {
        "sensor_id": "sensor_123",
        "temperature": 26,
        "humidity": 50,
        "light": 113.4406,
        "timestamp": "2024-09-24T11:26:06.088812"
    },
    {
        "sensor_id": "sensor_123",
        "temperature": 27,
        "humidity": 50,
        "light": 97.103,
        "timestamp": "2024-09-24T11:26:11.629694"
    },
    {
        "sensor_id": "sensor_123",
        "temperature": 27,
        "humidity": 50,
        "light": 105.2916,
        "timestamp": "2024-09-24T11:26:17.141320"
    },
    {
        "sensor_id": "sensor_123",
        "temperature": 27,
        "humidity": 50,
        "light": 104.3334,
        "timestamp": "2024-09-24T11:26:22.702375"
    }
]